Title,Start Time,Bookmark
Hindafing: Season 2: Episode 1,13.03.2020,00:43:53
Hindafing: Season 2: Episode 1,11.03.2020,00:00:06
Hindafing: Season 2: Episode 2,15.03.2020,00:44:26
Hindafing: Season 2: Episode 2,13.03.2020,00:00:09
Hindafing: Season 2: Episode 3,17.03.2020,00:43:46
Hindafing: Season 2: Episode 4,17.03.2020,00:44:25
Hindafing: Season 2: Episode 4,17.03.2020,00:00:05
Hindafing: Season 2: Episode 5,17.03.2020,00:43:38
Hindafing: Season 2: Episode 6,01.04.2020,00:44:04
Hindafing: Season 2: Episode 6,17.03.2020,00:00:04
